customer_id,account_age_days,days_since_last_purchase,purchase_count_7d,purchase_count_30d,purchase_count_90d,total_spend_7d,total_spend_30d,total_spend_90d,avg_order_value_30d,support_ticket_count_90d,product_category_diversity,rfm_score,return_rate,customer_lifetime_value,monthly_active,email_engagement_rate,app_usage_days,website_visits_30d,cart_abandonment_rate,discount_usage_rate,churn
CUST001,365.0,5.0,2.0,8.0,20.0,150.0,450.0,1200.0,56.25,1.0,3.0,85.0,0.05,5000.0,1.0,0.75,25.0,35.0,0.15,0.25,0
CUST002,180.0,45.0,0.0,1.0,3.0,0.0,50.0,200.0,50.0,3.0,1.0,35.0,0.2,800.0,0.0,0.3,5.0,10.0,0.5,0.6,1
CUST003,720.0,2.0,3.0,12.0,35.0,250.0,800.0,2500.0,66.67,0.0,5.0,95.0,0.02,12000.0,1.0,0.85,28.0,45.0,0.08,0.1,0
CUST004,90.0,89.0,0.0,0.0,1.0,0.0,0.0,75.0,75.0,5.0,1.0,10.0,0.3,150.0,0.0,0.1,1.0,2.0,0.8,0.9,1
CUST005,540.0,10.0,1.0,6.0,18.0,80.0,350.0,950.0,58.33,2.0,4.0,75.0,0.08,4500.0,1.0,0.7,20.0,30.0,0.2,0.3,0
CUST006,365.0,60.0,0.0,2.0,8.0,0.0,120.0,400.0,60.0,4.0,2.0,40.0,0.25,2000.0,0.0,0.35,8.0,15.0,0.45,0.55,1
CUST007,1095.0,1.0,4.0,15.0,45.0,300.0,1000.0,3000.0,66.67,0.0,6.0,98.0,0.01,15000.0,1.0,0.9,30.0,50.0,0.05,0.05,0
CUST008,270.0,75.0,0.0,1.0,5.0,0.0,30.0,250.0,30.0,6.0,1.0,20.0,0.35,500.0,0.0,0.15,3.0,5.0,0.7,0.75,1
CUST009,450.0,15.0,2.0,7.0,22.0,120.0,400.0,1300.0,57.14,1.0,4.0,80.0,0.06,6000.0,1.0,0.75,22.0,35.0,0.18,0.25,0
CUST010,180.0,120.0,0.0,0.0,2.0,0.0,0.0,100.0,50.0,7.0,1.0,5.0,0.4,300.0,0.0,0.08,0.0,3.0,0.9,0.95,1
CUST011,600.0,8.0,3.0,10.0,30.0,200.0,600.0,1800.0,60.0,0.0,5.0,90.0,0.03,9000.0,1.0,0.82,26.0,42.0,0.1,0.12,0
CUST012,210.0,95.0,0.0,0.0,3.0,0.0,25.0,150.0,25.0,5.0,1.0,15.0,0.32,400.0,0.0,0.2,4.0,8.0,0.6,0.7,1
CUST013,365.0,12.0,2.0,9.0,25.0,180.0,550.0,1600.0,61.11,1.0,4.0,82.0,0.05,7500.0,1.0,0.78,24.0,38.0,0.15,0.2,0
CUST014,150.0,150.0,0.0,0.0,1.0,0.0,0.0,50.0,50.0,8.0,1.0,2.0,0.45,200.0,0.0,0.05,0.0,1.0,0.95,0.98,1
CUST015,510.0,6.0,3.0,11.0,32.0,220.0,700.0,2000.0,63.64,0.0,5.0,88.0,0.04,8500.0,1.0,0.8,25.0,40.0,0.12,0.15,0
CUST016,240.0,110.0,0.0,1.0,4.0,0.0,40.0,200.0,40.0,6.0,1.0,22.0,0.28,600.0,0.0,0.25,5.0,12.0,0.55,0.65,1
CUST017,365.0,3.0,4.0,13.0,38.0,280.0,900.0,2600.0,69.23,1.0,5.0,92.0,0.02,11000.0,1.0,0.85,27.0,48.0,0.08,0.08,0
CUST018,180.0,130.0,0.0,0.0,2.0,0.0,20.0,120.0,20.0,7.0,1.0,8.0,0.38,350.0,0.0,0.12,2.0,4.0,0.75,0.8,1
CUST019,480.0,20.0,1.0,7.0,20.0,100.0,380.0,1100.0,54.29,2.0,3.0,72.0,0.1,5500.0,1.0,0.68,18.0,32.0,0.25,0.35,0
CUST020,300.0,140.0,0.0,1.0,3.0,0.0,50.0,180.0,50.0,8.0,1.0,12.0,0.4,450.0,0.0,0.1,1.0,3.0,0.85,0.9,1
CUST021,365.0,7.0,2.0,8.0,24.0,140.0,480.0,1350.0,60.0,1.0,4.0,84.0,0.06,6500.0,1.0,0.76,23.0,36.0,0.18,0.22,0
CUST022,120.0,165.0,0.0,0.0,1.0,0.0,0.0,60.0,60.0,9.0,1.0,1.0,0.5,250.0,0.0,0.03,0.0,0.0,0.98,0.99,1
CUST023,550.0,11.0,3.0,9.0,28.0,190.0,620.0,1900.0,68.89,0.0,5.0,86.0,0.05,8200.0,1.0,0.79,24.0,41.0,0.14,0.16,0
CUST024,270.0,145.0,0.0,0.0,2.0,0.0,15.0,100.0,15.0,8.0,1.0,10.0,0.42,350.0,0.0,0.08,1.0,2.0,0.82,0.88,1
CUST025,365.0,9.0,2.0,10.0,26.0,170.0,520.0,1500.0,52.0,1.0,4.0,86.0,0.05,7200.0,1.0,0.77,25.0,39.0,0.16,0.2,0
CUST026,180.0,155.0,0.0,0.0,2.0,0.0,10.0,80.0,10.0,9.0,1.0,4.0,0.48,200.0,0.0,0.05,0.0,1.0,0.92,0.95,1
CUST027,620.0,4.0,4.0,14.0,40.0,310.0,950.0,2800.0,67.86,0.0,6.0,94.0,0.02,13000.0,1.0,0.87,28.0,50.0,0.07,0.07,0
CUST028,240.0,160.0,0.0,0.0,1.0,0.0,0.0,40.0,40.0,10.0,1.0,3.0,0.52,150.0,0.0,0.02,0.0,0.0,0.98,0.99,1
CUST029,450.0,14.0,2.0,8.0,23.0,130.0,450.0,1250.0,56.25,2.0,3.0,78.0,0.08,5800.0,1.0,0.72,21.0,33.0,0.22,0.28,0
CUST030,300.0,150.0,0.0,1.0,2.0,0.0,35.0,140.0,35.0,7.0,1.0,14.0,0.38,550.0,0.0,0.18,3.0,8.0,0.68,0.75,1
CUST031,365.0,6.0,3.0,12.0,32.0,210.0,750.0,2100.0,62.5,1.0,5.0,90.0,0.03,9500.0,1.0,0.82,26.0,44.0,0.11,0.13,0
CUST032,150.0,170.0,0.0,0.0,1.0,0.0,0.0,30.0,30.0,10.0,1.0,1.0,0.55,100.0,0.0,0.0,0.0,0.0,0.99,1.0,1
CUST033,500.0,13.0,2.0,9.0,27.0,160.0,580.0,1700.0,64.44,0.0,4.0,80.0,0.07,7000.0,1.0,0.74,22.0,37.0,0.2,0.25,0
CUST034,210.0,165.0,0.0,0.0,2.0,0.0,25.0,110.0,25.0,9.0,1.0,8.0,0.44,400.0,0.0,0.1,1.0,2.0,0.8,0.88,1
CUST035,365.0,8.0,3.0,11.0,29.0,200.0,650.0,1800.0,59.09,1.0,5.0,88.0,0.04,8000.0,1.0,0.79,25.0,42.0,0.13,0.15,0
CUST036,624.476726640602,0.0,4.020665725284928,13.982077328700875,41.61673987818219,308.8868956608574,932.5438752836513,2981.6084780546107,64.42028906700618,0.39730295829379364,6.143676022694125,89.77897185934336,0.04108250427973405,13166.988812281712,0.9804022444895729,0.8302075514907804,28.660391109795697,48.68375688998352,0.02238066897988112,0.05760850516556602,1
CUST037,377.82681069660066,0.10589014974211963,3.069054103060577,12.674274736779767,32.30156864964147,216.34464182088453,720.2040413768195,2089.3672923953595,64.99305989847423,0.6011088844988528,5.175172339570931,96.6185536725845,0.038541075286924395,8746.199702691672,1.0165740779005572,0.8172143556248745,26.54569951721575,45.37541518418226,0.08305477690551802,0.10038616748725268,0
CUST038,392.6543684124129,6.141178794087655,1.9551350158037777,8.348151419547968,19.634232664845275,146.09120944796166,492.3414309255751,1172.2804911352819,51.743684469749724,1.1226303428235422,2.927070369821295,83.89160176685269,0.058448764677922774,4925.679688814285,1.0108993880056572,0.6805532193207462,23.89989008748434,37.623240776973745,0.14935891450495767,0.19127372991070904,0
CUST039,300.18433419787885,147.62382303086642,0.09415565605692669,0.3675099874144728,2.764423729327522,0.0,55.62825304026589,124.71976628264952,34.341044864969625,6.685716218512578,0.9342194675002408,16.131877708139342,0.3994714624143797,785.6110872935071,0.06916166994468033,0.2671954577257861,2.621469548786298,7.615346269063181,0.6302345203524435,0.7917847489193361,0
CUST040,195.52141214485283,128.24512712352018,0.0615754086274226,0.48646024803765786,0.7633770664743276,1.5500368605780352,0.0,26.72311143207459,51.49126844521901,6.914963731412156,1.222999016891878,7.0622549642270105,0.45100604212698536,341.96457803676935,0.0,0.07881424331374695,0.0,4.825821766688089,0.9014507624397522,0.9451828864404647,0
CUST041,629.0666668745507,15.563843046153618,3.9032540832139704,13.124964178146005,40.9361136209157,294.7410466745726,910.6659047188134,2846.9974684100735,67.57943958893196,0.0,6.012603347965267,92.43054244283935,0.05524633057479647,12697.544601876247,0.9536815304655755,0.8543740514808132,27.518498633274906,51.11293635128534,0.0011757079336988246,0.08495000957389891,1
CUST042,254.1233073945807,157.50446139446586,0.0,0.11842721853060723,1.5162828520737732,0.0,38.23921684180507,156.9573143792166,14.1832345951814,7.256876000051224,0.9225470745138691,10.533635152969223,0.4200338298637213,688.3177048522759,0.09804850679770326,0.09421256134710884,1.6623223582873723,2.2768716412047536,0.8605174650775189,0.8986477767429141,1
CUST043,227.45677471708623,107.68915701087805,0.13809746002900883,1.7512825298324548,4.515967617179178,6.1774776634846305,19.06749501615185,283.24365803131263,40.9363978185756,5.747963205762581,0.67036964197509,17.320977880386266,0.26751714967201096,1120.0233088613054,0.07874436279284261,0.23490685055940322,4.5241519715229295,12.488832221151199,0.5504197635082273,0.6826681418936098,1
CUST044,186.54172810672765,140.89019230189695,0.12895487651231644,0.2565724612614387,2.079205335634843,0.6400799590440097,0.0,83.58969468645915,21.50404553648026,6.917054666754284,1.0081778387313676,3.4913474730447804,0.3883101812568759,0.0,0.014699741492596006,0.11357065001706115,0.0,5.998276798751995,0.7443370842228713,0.8652980297433955,1
CUST045,485.85265456214455,6.7133243006974075,2.208413717283692,8.637069399264638,26.795782650491986,153.617526590579,569.755553818278,1629.984601355756,65.22532712085093,0.0,3.750620439654337,77.85931078317203,0.055110265793000275,6401.249549873376,0.9836020061835384,0.6829911689249116,24.015480164291528,34.21113402047631,0.17766494524833998,0.2358385348446308,0
CUST046,96.90333929653265,101.42583948200095,0.046351695175407846,0.0999665460943594,3.2749348692797184,6.387247612816388,0.0,203.7428986676263,73.74473274561113,4.76957082048119,0.8435405137811975,6.41093028468986,0.30621478693619775,34.576271955442564,0.0,0.09078778200084145,0.3958366014544248,3.6682085006157488,0.7805347026573248,0.9891070971143445,0
CUST047,209.29571067436325,117.83901475712057,0.054482304399702024,0.2905917431153029,4.69139014999105,0.0,117.85189909311578,95.38416001006709,42.735504780697,5.711467901076114,1.1033005169682613,18.50338126943422,0.2985995058755045,494.6834489824368,0.023720752425145236,0.25051731448273085,3.4069025796801644,12.941903514597023,0.5326089347004092,0.6866818953490257,1
CUST048,444.9015841728296,14.82838344556601,2.1257439694241134,8.24362788342106,22.489455124425557,139.58387369495665,421.03802627757545,1228.4712270578366,54.941326228318935,2.204494411676937,3.2193513613988127,78.85615305748018,0.08140395951520113,5408.391179468912,0.9643741560520972,0.6790231609410649,18.46082234789378,32.26936860110961,0.20969796894479953,0.35624892206618186,1
CUST049,457.86683108358915,13.448052742890061,2.0344259588465947,8.14149866684065,21.968101861547442,124.34040439007069,467.56229158106675,1269.70146284349,59.7178856282933,2.5748285939279434,3.1720389381500875,75.07991002936319,0.06946913950487689,5351.535487417224,1.0141862868678286,0.6258749521103855,20.465004008129938,32.42691266950203,0.16732300960681035,0.3079939939539971,0
CUST050,368.42144888040696,9.581102425088352,2.07079502348242,10.817270963601118,25.829180063964976,171.208574089311,500.23710767891066,1555.8589771990028,51.45948417999944,0.8867611000654144,4.100213341810785,89.96734107518584,0.008811489505265155,7361.465844412558,0.9862981909346747,0.8025413933099551,24.70822292960963,41.43096445904918,0.13662427115665068,0.12173373480875485,1
CUST051,342.9994559973741,6.689107243618543,2.219005413721483,9.207938748953572,24.50468052520758,188.81104622108114,592.7815994436982,1557.7837917956972,60.38461116916152,0.8038563789690104,4.177725217271444,85.73210585420782,0.07585169336616196,7951.398741822638,0.9172314367315708,0.789648382283697,22.765355106415797,37.041639995199645,0.155895456953652,0.2293214841572449,1
CUST052,473.3624114400763,16.942949903300686,0.9416209787402176,6.778042853115648,19.325239786374002,110.11541907866352,344.94177881824737,1030.739925111112,51.60267148772648,2.5023795273238116,2.853132111245821,74.53306378263287,0.10886627316392815,6090.244252524446,0.9893502096282553,0.6474612560524753,16.185161323808213,26.79701961940658,0.2555761038624683,0.37721271942748613,0
CUST053,486.11008610358374,27.582802808238256,1.1508599167784477,6.482462973584689,23.463189400469947,120.7193131112727,361.2592857015941,761.2159835803744,53.684900351175614,2.08457549842022,2.895317782392682,71.1508010996379,0.08454277933264945,5912.476239879469,1.0032267942303787,0.7126752215284312,19.425744455902347,27.937363343673628,0.22337201129666745,0.32810169606918593,0
CUST054,554.5811970317085,15.86222383251636,3.145798779636489,8.737545211565468,27.53061436353498,188.97105429195574,604.1924218923185,1996.4346145484724,67.82534018625837,0.4442329313083813,4.932333485565747,87.81091961315661,0.05310419444936072,7763.201696392831,0.9989914066297275,0.8014573990298764,23.92500025262796,38.49120647295709,0.1987986148083784,0.1630775316957921,1
CUST055,461.72494159188386,25.48927156030564,0.9856590828622181,8.188541625981175,21.69062433816346,102.73254160200429,426.6683377335357,1052.953949806465,51.14209194236262,1.6487797182486505,3.027143782546693,71.14689335158441,0.11537808120967818,5444.229288521678,1.037932283879874,0.7315437264110295,17.8510381667544,33.037266778853166,0.18935743381490353,0.3456523387134108,0
CUST056,253.37979450922853,116.56639353042536,0.0,1.0231541492092884,5.830806570804208,7.32221273400376,67.8467237291572,329.8836580231295,42.29941809205186,6.365083205165126,1.026725138782004,20.533761811153003,0.28193020351275305,360.8270868841812,0.0,0.2404019349290969,5.417067308457347,10.90271057023726,0.5433378455226313,0.6445945761567293,0
CUST057,625.3832715812863,9.78301765613124,4.011936005781273,14.551083718490549,39.26272422084427,324.9767773086705,1026.4199315830997,2765.550215162868,67.10390138544817,0.5158314925048758,6.291258712421317,91.99563038294191,0.012162122288626741,12873.887719717972,0.9318239158196471,0.8384532714460835,26.82863343846653,48.565400943929674,0.06880134696115799,0.07821901383545216,0
CUST058,268.63490932843337,106.28988125168075,0.0,1.243823766112798,3.212932987077127,6.7260056788041425,46.74556354227579,56.0873503452018,42.62639711905206,6.637388299554561,0.8870073485030582,20.513756671259323,0.28533233762520593,749.6856361730931,0.033394289638592346,0.3190309068249537,4.793584652366014,10.50841351219564,0.5023329810543671,0.6243503576996657,0
CUST059,280.1278505348582,150.57380093707835,0.14629468625783784,0.7922142724650391,1.074726992654428,5.106811464977312,2.689716999170713,20.857563413235766,13.829724959115376,8.175668343350972,1.0771219604645172,11.534968565257788,0.41578969188118803,351.52826678308134,0.0414676302141215,0.02885388449601234,1.0287459000381238,2.168079466588192,0.846032964767437,0.8326173684342213,1
CUST060,415.6284011540223,22.989527791298762,2.1648743728342805,7.763649094062126,22.838956187792665,116.98292632379612,452.95694990445804,1360.6979274323455,55.32910112873754,2.311298785641064,3.0855064543823687,80.21504525142373,0.07096602754420692,5641.28847727438,0.9063515451694693,0.7005404362286721,22.357247913334422,31.26357994733407,0.19303404972375685,0.3024654058324195,0
CUST061,588.4313803957555,4.981240073276648,2.8075862359784405,10.597169703213703,27.928474619884422,220.88503628944727,665.248115983219,1763.4403709619066,60.55751624808069,0.0,5.166288276792478,94.88644072273428,0.03481249956415909,9209.952481890803,0.9685296199497315,0.8349968625461683,26.18986785822261,40.2963484486755,0.09951490043536684,0.1065534401584245,1
CUST062,126.52638605829503,91.32668520333493,0.05704622843169824,0.3524544399115285,0.17410830108569975,11.572632495761445,3.8073161747542876,165.2117652551122,74.66403762592878,5.467525011060026,1.0740041082401246,18.366580998922107,0.29310719630763465,241.54577631344566,0.0,0.08182377135558135,1.72172025896699,4.11009756441673,0.9024659134295641,0.8966091188549934,1
CUST063,395.4334615053374,70.66404190669432,0.08700384649978891,2.586288763448697,6.179615813992425,0.0,161.43037673756163,387.9598551699136,61.27170216207358,3.745421999748218,2.3055335772332977,34.0948471423724,0.22415424276845802,2646.399489298863,0.0,0.3630001458838243,7.874800340163702,13.624903260204636,0.44309040550064477,0.5202588849124181,1
CUST064,172.97177585349598,152.72966102280898,0.0,1.0741277154713067,2.5443611935982258,4.569943365126769,44.248664723062404,102.67188784988902,9.560358475750641,8.93031201495459,0.9867973801126775,3.8573095741407535,0.4935727042119647,223.248303507135,0.037151632706602544,0.04722817324642799,0.09173079666312574,0.0,0.9516667873131331,0.9621589002809047,0
CUST065,377.4583901290177,9.916804448312767,2.0733909581562613,10.512226835093864,23.36190998605666,180.02595063183261,531.3829778368629,1394.456495159438,53.36193869438121,0.8586289652290024,3.95169577588085,84.0538234358647,0.055640741367331166,6848.516375577201,1.045713107141811,0.7652314253931641,24.575144616262204,40.40671810582888,0.1489566403960053,0.23327322052592353,1
CUST066,332.1284446447071,13.111391548189427,1.6494727286106632,8.724270009911518,27.31518323610102,183.45511270838392,555.9641705826605,1772.874382859172,60.650742883920756,1.4478420659671107,4.023843028123683,83.45690155918913,0.027293227180093714,7284.260677883498,0.9291328911670793,0.7767292611305394,24.45541846955081,35.92593817675064,0.2208162755558864,0.20975923757606893,0
CUST067,724.9891276153869,16.629012080776665,3.192241761662622,12.21827204639042,33.490080035090436,255.07484205484494,824.5907546808114,2475.907967038965,67.20756874614159,0.5358055293375373,4.841926407501824,90.94303740243112,0.032921139804951885,12204.772522567955,1.0521716237677463,0.8695668563971619,27.33769316199092,45.80753469145049,0.04052997270546595,0.09121586873411036,0
CUST068,237.28220133023515,78.66200987217955,0.0,0.6321048230792538,4.163987735081935,0.0,4.76799060883598,253.17675017837965,28.944661516083972,6.248929530027887,1.1901186074755763,20.416095380574596,0.3586295154803741,1447.8432629668546,0.0,0.10764240905391945,3.810740215178413,8.637037474741684,0.6909975953100304,0.8105976878013423,1
CUST069,595.2309492198954,5.423254053096722,3.061675876001573,10.173607752339343,30.221525932684866,226.20272851092616,590.3330293238182,1761.279149741823,58.03678591902383,0.0,4.774984593775042,87.24495249038218,0.05443720814025861,9017.52774682689,1.0098036541446762,0.8166939514660992,26.42613683488298,44.61971575628587,0.03109300804464006,0.16275363528416162,1
CUST070,298.02418026566767,78.62602875965439,0.001501737232115702,0.32149703937079444,3.4819253055409662,0.0,9.738605939289833,232.2479695907678,30.096145201590534,6.187997194376752,0.9870006676299877,21.8649907487539,0.35120266166912795,0.0,0.0,0.14505199871861882,1.5888472828264584,6.120942848581841,0.7529002477775957,0.7927685330155718,0
CUST071,317.68039136087634,144.3784895203336,0.24870701066290907,0.45206862701561723,3.5421136539834155,0.0,6.221785630056836,172.893029239611,50.7097725047793,7.963863817868924,0.8954148855783405,10.507177214835178,0.42554461603612637,278.12697311614636,0.08870273996509796,0.12726673707277472,1.5337338804242888,0.7698118896186794,0.8823203028368466,0.882672707365147,0
CUST072,146.01259957272148,147.53139907818485,0.0,0.07898817261365884,1.8383438007780368,5.405488299644972,0.0,40.76105317465328,47.438237130706725,7.902139590449905,0.9771743278365452,5.74203803901154,0.4494382466589912,316.01263644473977,0.04021529846113346,0.09216130757705122,0.0,1.175970521758064,0.95034638894911,0.9609592319515355,1
CUST073,269.45253294446076,148.73327437603675,0.0,0.3552998595106476,1.895856981527469,0.0,13.777482683442837,3.610345990385369,15.069562019238582,8.294394760399454,0.8020325929704866,11.396432140494577,0.40453570185368815,440.27078394416424,0.043620316504747854,0.00687200940675152,0.0,1.3105766575435056,0.8308872845831909,0.874161311412076,1
CUST074,496.38241353267574,23.756689540606693,1.0044212213843913,6.228346444862979,20.704715431585967,107.68965815166176,456.4701921919729,1202.1072225229154,51.06675306712651,2.0278359612263634,3.3340010521121397,74.39035749267286,0.10613045278380592,5902.8959899908305,0.9684396652271962,0.6964177253481808,17.707819963771648,31.963334301253354,0.27863003450773177,0.3174799798954134,0
CUST075,511.52220603535125,11.872811048453794,0.9017262844230488,7.34743858612142,20.561430971308376,90.70132722689691,366.1648861743116,987.8903941506126,55.95406095165385,1.9091832445512797,3.3304572218731576,72.3108955679302,0.09590111456081475,5358.206894545982,0.9876168082169869,0.6838056230323287,20.930814405301234,31.366854253049222,0.23941292492553257,0.3523018053533694,0
CUST076,187.17970836733286,45.31640929117804,0.07423198401546803,0.5576091954024442,5.404413419431595,17.788518431869385,64.25457153086604,218.73273063588817,49.30174395770596,3.1876621847716224,0.8725273752762397,26.475844081410717,0.14937289736069576,442.1857166555155,0.007929818155850478,0.3113999891021661,4.432180325469626,10.265013339646616,0.4905231160229933,0.5649323281583509,1
CUST077,514.980652694705,6.567692859035428,3.1018901604554965,11.050040613722585,31.84386266654853,213.5813149580306,729.4060835774768,1912.7282448504807,61.755450538895445,0.20125789044308165,4.754177938117272,97.2570352635466,0.04149214184984503,8655.704862061915,0.9590056327418307,0.7891737295044725,24.502172371480015,38.987602986537354,0.1418741239796319,0.13422357279474217,0
CUST078,240.41916519062144,105.267639245904,0.0,1.7111083669492082,3.079326547155028,0.0,23.952648202062957,109.48601109595404,40.20819378457987,6.576626713211417,1.0595728744344621,21.032609749928607,0.2745567520267089,0.0,0.04478183913289642,0.24732705195372617,4.789463646125715,17.966193839309707,0.5603244124013474,0.6236183075454576,0
CUST079,356.4039685438545,12.58284670876773,2.1967108880193456,8.589040417583233,24.215115749451346,190.03472620206833,521.4338251825119,1708.4640021814598,61.09457843394479,1.1075836243968333,4.067767764140636,79.63773535839091,0.05727268226409816,7154.32705812178,0.9745387305864317,0.7991855820024438,24.34225467222746,37.85993098623923,0.10650029075629193,0.16458683084321984,1
CUST080,161.78293315309497,157.10848754601798,0.0,0.6142870287290226,1.337794841913761,2.137672573556165,19.41705051626883,55.41821181695457,10.99572583577489,8.83144841172555,1.160659283388524,0.0,0.4823573983033208,1067.764773828504,0.0,0.026726074879875706,0.5994921137871264,1.3355413803937168,0.9321172033605595,0.96716645126148,0
CUST081,385.22304336806155,20.370504671215397,2.0825905221778838,9.155708702535911,22.89330366853089,162.22355352522118,467.35554579793774,1323.2236522132262,59.79655453633741,0.9224076976842839,4.015828187077033,81.7764785126901,0.0754815471426725,6252.579507029128,1.0332455150516613,0.8124623961392239,22.58342715594533,37.484273659341824,0.19932363145269955,0.2990578297707448,1
CUST082,302.500741757753,153.54756100933966,0.23789106818993455,0.3838403662281206,2.107513312707702,0.0,6.820395034098379,19.937771393186566,18.684483705749564,7.93757505837868,1.0227178438700348,12.114104109288405,0.4208133302347418,1108.6175581682282,0.0,0.0866828667684572,0.13388117900843732,0.0,0.7988582597456346,0.8787003125547866,1
CUST083,434.29364999250237,13.7367537591575,1.8714460584865806,7.13895604414374,22.14757836846648,97.02264548765305,399.38309509395356,1402.174942152784,56.46263476859148,0.7682755513994677,3.745964529468048,72.87743831318734,0.07550742104599412,5918.779645000641,1.0391486384721609,0.8025860252985885,23.0746687802394,33.986598999868875,0.18500638980127998,0.22842652069891722,1
CUST084,266.8403103873286,164.95208205567573,0.1859795601487192,0.06044673867811421,1.451728846565118,20.20075997029653,0.0,30.23231701354065,41.35478200115995,9.930485579872506,0.8948702943761542,5.370943467986496,0.5449172059525401,86.96979154633173,0.0,0.0,0.0,2.0246746407246317,0.9828014003681396,0.9617514380588158,1
CUST085,390.67438673964364,8.761024933457747,1.8744498113396646,9.107764735936497,25.15273227232761,192.71692939037396,559.0376029649615,1709.9570825207834,59.51774276308387,1.050348962018035,3.794450679073057,82.37443772145119,0.04786815058577604,7429.601772592208,0.9924682784306292,0.8052877913281333,22.124956762127344,36.318782349304996,0.14859790395519604,0.1586386042637586,1
CUST086,405.98768645650426,7.554838577386465,2.0920988795901776,7.736883208341042,22.230361482679758,141.76686279176812,490.78369823999105,1316.018054862984,61.07101741529927,0.7678555998140051,3.833663511353331,88.06594567190112,0.07987226651860937,6216.100691653733,1.0871616283124699,0.7501406871994035,23.098902281356608,35.841830109720085,0.1981002973792294,0.22952466562897014,0
CUST087,406.9765499200254,0.47687697924771744,2.9678221028558336,11.348811252290345,29.764502603637684,203.26174906178747,576.880578617104,1637.4120689151046,61.66550697672832,1.601702011405854,4.980334473543489,93.33016570342262,0.020913408570637722,7644.455807847248,0.9441041857644304,0.760813558602775,25.843051061901054,40.38872906528553,0.2074018600982388,0.1661447003692,0
CUST088,619.4653772736355,0.0,3.976345723615168,13.614724279282756,39.03768856881655,308.46423679035,923.6583907195655,2770.7605266063133,64.64619231676404,0.07570165578916596,6.000222278673884,90.86771307519251,0.032297118140541155,13419.60811294329,0.9184818364538658,0.8438078478548259,27.102767600488654,48.24382863018655,0.09866529531542945,0.06319829415087057,0
CUST089,345.5614875038972,14.083669304831258,2.873760149432656,10.889464611301467,29.798588037317113,193.45787043004248,673.0658952424251,1951.5401323536225,59.411975226543255,1.3199974342940801,4.617680078715425,86.35524117038311,0.0434490134693867,7528.74705388844,1.010529743158499,0.8263986133521577,22.807424473814436,39.77826488594075,0.1363868446839545,0.1661569517228931,0
CUST090,270.0106427376118,78.90812600142272,0.0,0.0,4.215336270152388,0.0,13.108412356396485,235.96896597689116,29.230755208674044,6.515506053571429,1.0602487576687758,21.151860241426313,0.3616062268203965,0.0,0.05269258489660764,0.1473982361975473,3.7821399162320795,2.997277609817614,0.6463046356257631,0.7787012108178667,1
CUST091,463.28493240781296,13.209053820907732,2.1325868068078404,6.509448940127416,24.012305436817048,114.14560678033098,343.6156448281782,1268.8071827472972,56.38989977482247,0.8807214824451458,4.042713783543965,84.20854867116996,0.05642404890268123,5690.467590952939,0.9428736501068501,0.7339224904627191,19.79778397217871,33.6451178034892,0.22299247006714445,0.22110685301181157,0
CUST092,394.63912431135344,62.11545914860377,0.09609861935156927,1.551973383333996,9.18710653858746,2.6756840135281093,104.695171262237,482.10336996702245,61.53331694365914,4.021511132571875,2.0808337537359316,36.044941045922776,0.2731894941898378,1597.7375018848036,0.0,0.3521399342357928,9.30012359904553,17.081368488717835,0.44983326894957565,0.5771264213422731,0
CUST093,434.64568286022336,17.01434776852854,1.99573023717737,8.178390768195255,22.779188517957575,118.80317516999473,349.81481946141014,1311.5023185445257,58.53716878014512,0.9714107290703944,3.9067615741888773,77.80500468089943,0.06998216259704951,6339.862936560729,1.0690259512325884,0.7158314646124543,22.61357186606441,34.77260102654243,0.176812536582979,0.2641007878453285,1
CUST094,407.3267604674903,7.394217021308052,1.9480196552956257,9.665080883253603,27.060674591753582,168.0741767375133,498.4135527144169,1625.4514943535344,54.409323883401306,0.7868992073836402,3.6558270387423497,89.86227618063306,0.03722938313735451,7553.843304511782,0.9000975025722369,0.8006520070490714,23.587124091359808,40.36540354263916,0.1604932539046461,0.1665245597435607,0
CUST095,162.66361775060417,123.30442189322525,0.0,0.044664368758974025,0.03154551161146624,14.719625835853197,42.510131412621774,85.31053258418797,18.4668621934933,6.968332331002529,1.1658476268938884,10.854342508436421,0.3997446157907576,135.00777232415177,0.0,0.16285013633058076,1.8049596454033063,5.244704661940571,0.8076858185226405,0.8854277526483301,0
CUST096,179.42567045799782,138.8185262117453,0.0,0.11822348462916926,3.5685716799698866,4.0711086560525755,15.966278951298088,0.0,50.964814092137466,8.037376114179686,0.7071016110157402,5.039694078931965,0.468101055083338,559.5448261543409,0.0016900342906636977,0.01716465610540046,0.0,1.2934483831435515,0.9873901498741385,1.014935014755145,0
CUST097,545.1616232983682,7.898801541988883,1.1559951394846688,6.187811208678356,18.187736424750785,70.44803661744149,412.57112581507,950.942902795695,62.216215919965855,2.6841279843823815,3.67208828393254,72.48928256804183,0.060657424633902904,4478.425440323448,1.0094909480947585,0.7078957301486756,21.229679267615133,32.79069969533286,0.2334347959021857,0.2803157801536741,0
CUST098,401.5538784694016,2.726382457147384,1.937300155320801,7.915527831491623,24.771152046395216,138.36896154861498,526.1151868156231,1458.866453352709,57.98805528566183,1.18490068569394,4.280336703770835,82.10327077364492,0.0545109841955259,6263.677831298877,0.9742865731642737,0.7027049728518656,21.450472514562,36.14475654628524,0.2323074730406686,0.19847607215132862,1
CUST099,167.26456474960457,161.46395095958138,0.0,0.08763806110673347,0.8091721115464523,0.0,0.0,98.14493872437716,51.01445916615104,8.461383455856081,0.9071737443623213,1.4571426649326407,0.42421253739588455,889.5763858878669,0.003526731736575976,0.07481386275186308,0.8841240861894235,3.726283392533275,0.9212681927774812,1.0044795613733883,1
CUST100,184.3701369271218,148.04463731007175,0.23426638422479606,0.5157130504894856,1.581334596716682,4.808936642788628,0.0,69.63227576035335,52.404940756964294,8.24181926968682,1.0284582789556327,8.562664429119653,0.4465483768247097,0.0,0.0078007019031947405,0.07632067356934215,0.0,1.5322656721371113,0.9780041997701069,0.9705377931399634,0
CUST101,254.8625180303698,108.96891716377483,0.006162460457439523,0.48077126351437904,5.220115645119785,10.178188261218589,33.05480286009306,320.3831385247301,39.82328241711629,6.276748821645058,0.7007469403514024,23.354867562496267,0.2749359702460112,669.6038291498268,0.0056126223638165475,0.2543165620936951,5.718237193595725,10.943995663351949,0.5696664494302016,0.6932515024019915,0
CUST102,184.888491763489,165.35709750089458,0.0,0.0,1.6906920792245406,0.0,105.66886738162367,151.10746335429465,22.66193313468229,8.799551858378724,1.1883337740029531,16.005988263619884,0.4104161512264579,0.0,0.09487525070486083,0.11337944445806367,0.0,2.998933074494666,0.7089128645060087,0.8801184525632665,1
CUST103,217.05161193641507,98.75093865914221,0.15247045686301267,0.4245100142703149,4.516650165834044,0.0,13.518446738474278,123.89967855213865,25.45193180733714,4.3580441463825235,1.2455638518972454,15.168187325235472,0.3122588441140289,0.0,0.0,0.19318426878712341,2.9535628591202787,6.742438876347084,0.5990794810877512,0.6793577306281761,0
CUST104,574.3220006860779,28.876987363374674,3.1941412585444673,8.41572659272701,28.95300667651987,180.24455403460072,672.457095460458,1795.4519995053456,66.93967564909123,0.0,4.90994721051642,83.35690561170706,0.02646605984790884,9090.536088812129,1.026869855502981,0.8041562331405043,25.853817834233393,41.47880743998661,0.11412683545292393,0.10033659947183639,0
CUST105,627.0531797976515,3.8189258180349093,4.096548722872158,14.360661605252202,39.08574797873808,314.8353188683807,943.7041300136923,2658.7942618770408,66.90685095882337,0.0,6.180720318377683,95.3642921974498,0.01336892109697507,13635.752202775931,1.0034477682895047,0.820851466700232,27.487332370591854,53.05092277213077,0.046864016206966425,0.07965800722957878,1
CUST106,259.48821922095317,162.14888218304134,0.23701834508239958,0.9075983518805042,3.520977598471847,0.0,0.0,0.0,41.1942074966701,10.056488284833604,0.9619267875515285,5.148590116569617,0.4925646072213838,213.18010850840415,0.05671615423660917,0.038863631210513325,0.8070212056598476,2.9846271996805727,0.9777141961417171,0.9670818456109722,1
CUST107,188.42048186453871,146.9891931604379,0.0352847330036684,0.3712012832657194,2.6877657384695905,3.1856281536017352,0.0,70.79229203383227,49.28834543542314,8.088378585771734,1.3002159424045314,4.897818552221233,0.45385464142473597,530.5104677078486,0.04107858657805793,0.012985544338325133,0.048671053295312613,5.787980489015954,0.9919131116981473,0.9623335458824764,1
CUST108,538.7549405323914,13.11659485914162,1.1268562808461868,5.66393089376664,16.285113754297537,68.92645868370518,333.80440893736227,916.5867551020809,57.02317696108273,1.5399855964428881,3.91589547506409,75.69549398729498,0.09109927298556576,4250.526146216664,0.9790571880053119,0.6681769574293472,19.963325069433758,28.41474501473822,0.21980636083161292,0.23733075094587347,1
CUST109,214.32341693217754,129.51412783119503,0.0,0.0,1.3950459395327854,11.00745173556186,10.920871494778636,220.11323932956384,19.10700701469498,6.302838333962124,0.9093606008965311,9.322337231284958,0.38488624278786054,0.0,0.0,0.21219235834423483,0.561347260923946,5.234535248744536,0.6775423134712351,0.8303119999335716,1
CUST110,185.97057350580545,132.43908630276124,0.19641221158109243,0.3563055553121978,1.7978943787856596,0.0,0.0,95.15235629482837,21.4071837612979,6.990299420019298,0.8790034444242047,5.190475162716788,0.3787021356436879,748.3126024793071,0.08067940413786306,0.11293385690651933,1.9478054596155085,1.7317984519245049,0.8170153268750934,0.7508363048489399,0
CUST111,486.9448564641519,5.6965334660318385,2.2222153595276475,8.900539822961651,27.32047030242049,165.15890820785572,538.3245220098265,1743.9279354585658,64.60823571820914,0.0,3.786745301426591,82.32264568081844,0.09103556907132147,7079.927918974109,0.9272593307845085,0.7036909370276583,21.495912047087533,39.92342943738535,0.19147270026675023,0.23355707850811303,0
CUST112,237.8109534874983,104.80385993603653,0.0,0.3527668895477385,3.3323552257801006,0.0,3.586702166582917,228.33087778462087,39.90631858078117,6.172091898541903,0.695933258624693,22.03787704760796,0.31871752412670257,433.3900063975693,0.041822407919261693,0.27802187123746147,6.009285502645302,12.311400699614223,0.5695630066747983,0.674529638045551,1
CUST113,625.4741414420857,2.4985489886054255,3.0788363940899304,10.10334519469696,30.37629993698926,213.52097750040775,624.3494897857702,1827.4129300084821,57.1913557439873,0.0,4.977373590628145,90.35794044362439,0.008917952152430523,10079.342289453209,1.0768952132585552,0.8406768877848216,26.08403360693993,41.60349602324076,0.06710325329554545,0.12271892996135604,1
CUST114,451.62690603147325,9.896970294848558,2.0410209512911397,7.849639691916036,23.993506317261943,127.45843962114611,407.12563488392016,1275.3491365267162,56.63933893642995,1.6162855876905953,3.1383920216611942,80.67661048324241,0.06377198407350383,5504.785235442559,0.9927988996986553,0.693940835501384,21.74704650318308,33.27834813185007,0.18220845172569589,0.25113802475721203,0
CUST115,288.8011375672963,151.32862462079146,0.0,0.795347522983467,2.4524566525472133,0.0,31.895635654937525,89.7424492062397,32.42966908705473,7.114139038084085,1.3235936694725061,14.0705421484359,0.38420192288741883,860.0270330743399,0.0,0.23846476239954556,3.2360238667847065,11.04905937902732,0.654667577326742,0.8137990442931744,1
CUST116,260.9993678954003,163.79331181435515,0.0,0.29991158584659683,0.0,9.091772699171162,54.8320153019279,141.64934893070213,38.761732223511444,10.1282733076631,0.7615564809548958,5.1942426065067036,0.5284052481007235,0.0,0.0,0.010276942259998064,0.0,0.0,0.9934424693608951,0.9988246586743251,0
CUST117,536.35948669381,17.530325343145854,3.0140457663213387,8.739402293468718,28.49084054002642,189.20970378807436,562.3641743732347,1932.3718262015586,67.15971298675045,0.33164471318568584,4.955423569133747,88.99037815488195,0.03824433382860139,8231.296738928431,1.0613705466226553,0.7807619071632735,23.31079046249676,42.223917200221436,0.1619674262200746,0.14074341152290448,0
CUST118,430.05109380961176,13.414514602853885,2.0560373062960497,6.799372242489177,19.468716906458592,129.855323877471,379.2748092031585,1370.7245428270674,54.994518025884766,0.6119202915798412,4.159024863217006,81.30532846270623,0.05181892190225946,6158.893860805796,0.9516213859250302,0.7537863245849845,22.149962806211054,34.301604013408436,0.1511338907304845,0.2524651482424497,1
CUST119,345.8029484930959,55.599213900776576,0.0,2.429388660221538,9.283311217717856,4.795056868714473,159.3416759636015,288.15065752303366,62.82958183250597,4.540623946415847,2.135641994147395,46.830477395437015,0.21909848289543277,1765.2840209364158,0.0,0.37477577331756917,6.774972804607081,16.415349404071147,0.49736348991205254,0.5743959130681324,1
CUST120,505.3182422695371,17.27525067440431,0.8306439544130537,7.166311136797689,19.918630692583015,97.89890801876058,420.4326237321235,1115.8690683977381,54.73732454198529,1.883923344327833,3.1624710790987414,74.6906216156205,0.1162966505141288,5277.450255398374,1.0661293546330646,0.743143749447298,18.982268278324895,30.487877188289893,0.22227719971977775,0.33682735130229935,0
CUST121,502.48160579240295,19.008606609624945,1.9356323178133403,9.61803309455388,26.229993528952146,145.69818743249832,542.3606762660403,1694.0743230488763,64.32880999062228,0.116363635521427,3.983335852046375,83.74652380762973,0.0651297291308307,6106.569543120603,0.9938592771105761,0.6710867377214631,22.316587405639076,38.97532285508385,0.16591769307824014,0.2997796910790391,1
CUST122,343.6915553435726,0.0,2.097567580400195,8.621817382215394,18.930046820512658,149.52434357897806,447.5318936161184,1184.4096061088037,56.318902980567145,1.268494659995274,2.8757344904894886,79.15289027847389,0.08152429027198749,5487.569153057215,0.944035345446043,0.7546576357677712,26.17902066967667,36.39955866573569,0.16596642513947604,0.24402643393946025,0
CUST123,537.2516546780674,16.893071004988553,1.2195237358525781,6.766263979354417,14.772454429399808,70.06221960769733,274.37825362312714,836.6788731096124,57.22764974203416,2.1457154758992076,3.9041290485954385,73.11366283813474,0.083390514174178,3735.001024587776,0.9574755657271833,0.6827077444869267,19.763890751853946,30.143785454338396,0.2518600049249888,0.33187514036506177,1
CUST124,225.7535500321692,165.8416366978259,0.08117150250093196,0.0,0.8555085989990022,0.0,87.54402256062949,90.48663182250542,40.31696909475979,10.167756360073069,1.254305015914439,2.680364496233739,0.508996235128388,527.8576960956225,0.0,0.0,0.0,2.8574294683891797,0.9845494211477527,0.969311026110583,0
CUST125,406.1238890196724,18.821006387586767,2.0625378322709937,7.67141688572653,23.790939693204937,114.60620407339732,484.247227301119,1218.3239454710574,54.84315943311365,1.7793472775467531,2.9573162776075046,77.95395204546348,0.08090058735363664,5607.729830941501,1.0101539996485596,0.7202843122697555,20.244582653862906,31.508612727622246,0.24102411919594663,0.29839953831035204,1
CUST126,367.22526424058253,10.298474152633187,1.8671371801964816,8.586675651198219,22.0134142398903,133.98389527104047,500.63487947440973,1448.760926081656,57.61715504620511,1.9387696764423772,3.8345107326666925,78.96978435258787,0.06937730001297529,6344.121785728175,0.9748455566493469,0.7804545600440075,21.218354278028194,32.81962992005924,0.15935402458947948,0.2578254997620331,0
CUST127,392.57849970044856,0.0,2.6189214018089677,11.730322904833525,33.628656063981346,191.58869467502907,710.76503289724,2125.0225017331236,66.86159854480802,0.51794699672118,4.742418080796062,91.29839093560962,0.0524711736744794,9220.68555464846,0.9177803098216838,0.8348950524560933,26.717234751634223,47.32334599844734,0.13270301886135272,0.15905831953723035,1
CUST128,229.31940090405783,95.3358205929162,0.033229268863161895,0.5556546879170395,3.3197446129224355,9.606764957125266,15.111101834221719,274.5665770719681,25.544431582975292,5.0688724183240215,0.7658123065828323,16.100037420972505,0.3044812815647913,114.33752030442975,0.0,0.16338523626923257,6.478622773624683,10.487553814238899,0.6663647633180999,0.6570864267325051,1
CUST129,480.37836577499695,19.54683931306706,2.0487607401799277,8.882345591587496,25.825669357176896,152.35820649484666,648.1398181627794,1700.0648303921707,65.76741652886263,0.0,3.856202221843175,84.14775918057178,0.04482592771132514,6814.171699132977,1.0017255046747056,0.7438245619051241,21.79108119856376,37.73957343724731,0.22394396291183338,0.2757797452994608,0
CUST130,483.1141302226792,20.717138959326533,1.1163125333073578,6.6912279286472645,20.258934915483746,91.935311012824,477.09160617555466,1013.3279018240335,53.10086531325058,2.313267192604923,2.920810540332668,75.38513318461408,0.10285437888078014,5319.553246729994,0.9618283368350526,0.6529111629506668,17.54234334572716,31.674147451033324,0.2212515433806561,0.34616683867295456,1
CUST131,179.295658303764,149.26503442557487,0.0,0.3453249829023328,3.6394319542897353,0.0,0.0,9.764548599070856,47.36510205385807,8.318629931785612,0.9052077688152745,1.2013375496953502,0.4669674509091434,31.31434798592707,0.03849290864316334,0.014351791371949085,1.1183809256780217,1.6388358638603222,0.946938853418041,0.9845932865824863,1
CUST132,364.9445598964195,6.136901172466009,2.9668775455076966,12.320575315815795,29.99164197871914,205.65752994053676,765.9168845296813,2164.522458985514,62.753591958474544,0.8976445796347796,4.9778839219107285,92.83833045801246,0.030632362057742526,9033.722689138136,0.9374502561238971,0.7688454930535441,27.697987727261484,45.50871015985226,0.1063199527404877,0.11407561013094578,1
CUST133,520.1950567122543,9.765556051214253,1.8865636159624641,8.607069234940887,24.47574888408417,165.01096111700738,519.1291136898867,1583.3651373207736,60.91735053640044,0.0,3.972282276673655,78.7476189998997,0.050552468228508854,6475.368536744183,1.0235478499566453,0.7210939143917213,22.36904343651829,35.34594821965987,0.2062572325642419,0.2957343571180835,0
CUST134,380.9326643561749,17.45403489012882,2.0237033802055295,9.38160400794039,25.685524477735576,162.11231887183175,503.2625233767836,1491.015923739496,51.77231353303829,1.146264726884661,4.102761834254988,85.48575813483525,0.057526033449422816,6954.134818500292,1.066671505818046,0.7505802064951216,26.396561381072548,36.24202764791915,0.1468537467050607,0.18838538396495305,0
CUST135,296.1263901959884,137.80296112592669,0.0,0.0,0.010623335232128772,6.284118204592969,0.0,81.44862125694719,14.232959910359892,7.719850001216179,0.9987009688632209,9.173466576166927,0.4130636172085201,23.978090643232576,0.0162028581001766,0.13678561429150835,1.1631835220306905,3.8612070626352626,0.7719562016544101,0.8855361310461295,1
CUST136,255.72986063235197,148.9461180780897,0.020750463842534445,1.4394330903344386,2.9875092226851283,6.190837446775405,8.408391539999958,0.0,34.33291815245967,7.355496599469923,1.256940319314551,16.723870554472704,0.3880086302775479,719.9071568778353,0.0,0.17553369827160178,4.947030034196611,6.238868046921758,0.7358041167312446,0.738699456142185,1
CUST137,319.3580841508163,153.0063605900422,0.0,1.0890927604216831,2.957113323848292,16.23800117535471,64.50239150342834,212.23874855892348,35.101976835371545,7.137818701430178,1.2303973196333153,8.890834290097878,0.37348179761278366,204.23801188334443,0.019226572289098215,0.22224612508011662,2.3036078797774593,3.533811846840943,0.665754324550997,0.7820554269172734,0
CUST138,272.60317767405127,143.85360755351607,0.0,0.7090512786996056,3.4724109228581765,10.752641974572086,21.135285008624805,184.42259974216847,13.584019328552637,8.207074086126884,0.9716982053119942,2.1037939038783398,0.3904139436701633,53.284838466678934,0.021052149374388505,0.057264020999964735,0.3104409231637403,3.426122519558281,0.8008196879478392,0.9267004061450114,0
CUST139,545.4841410934854,3.905454818376037,2.929171647392566,10.327566898930211,30.032255078451993,185.06343840371363,567.2568755825273,1818.8637160616388,59.86580837421051,0.0,4.911338630020514,92.66874098115983,0.02034331656028744,8960.574895476684,1.1100358683944411,0.7711103962010993,23.83975840359348,43.46410596302697,0.07654720458976472,0.10883247601399781,1
CUST140,368.88168135639603,67.44147468547925,0.0,2.017908476058077,9.952682314038166,0.0,127.82243559585804,348.7197960938832,60.21071626289727,4.251914820704837,2.0407150771004554,36.127340044927756,0.24065009711174293,2638.469554851079,0.016679942089206933,0.3788567607329825,8.291978541818784,16.511801027388994,0.4363098383675386,0.5230666436934381,1
CUST141,448.46905213181833,13.919429708989348,2.195666784793259,9.774633946070834,26.669585084446076,145.90682902037443,625.4242665428085,1695.075650628675,64.1701998470851,0.0,3.76953213607227,82.16155403985161,0.0824953242965267,7090.20071659298,0.9612558074127153,0.7034276844733858,20.32923008598445,35.95264374747376,0.1652393441970372,0.1900172658546192,1
CUST142,246.2022293034914,152.87860986884087,0.0,0.9303297318772511,0.0,17.600104460102667,0.0,40.21722858719676,41.81660389299202,10.451416797580897,0.97956717348161,1.5116808704056461,0.518956898171838,301.25238633927336,0.04519734619279124,0.0201452543741082,0.7219532747788097,3.0612096628631025,0.993177437204396,1.0009364560786629,1
CUST143,170.23989036793367,113.71894548300898,0.0,0.2542146867109102,1.9867612905994354,3.2622098941004696,60.281267285842944,67.44529304838508,50.47240813891579,6.819271298841823,0.843938978712802,2.757772504281223,0.39106956481216143,460.8828555902812,0.11911988374859296,0.055410896364550266,0.0,2.882057173477191,0.9136781615429699,0.9592484693270235,0
CUST144,126.7584348715965,87.45353347179949,0.0,0.0,2.6216806586242702,0.0,19.583648058244048,91.00380402015044,76.20500435956517,5.645243802821478,1.1087503306755326,10.56319952922706,0.33597056255862273,306.4415203214109,0.0,0.12360772321835013,1.5219730910066782,1.4246967825127985,0.7821130716749166,0.8895335411814291,0
CUST145,142.74238758073437,153.4075731085915,0.1129877448088586,0.0,0.0,16.93990596018661,0.0,0.0,52.7813272637028,8.216520493743182,1.047467760617223,0.0,0.4649749582291963,1496.332570109412,0.044649887906880854,0.06703579815092829,0.8411808558461095,0.3869296170769274,0.9383313424494986,0.9677022412197743,0
CUST146,355.77490502474546,4.207062912374774,4.218912532794216,13.313229358728496,38.724904324827,275.4272121443968,850.6670140648024,2580.2069410985514,71.27783297596388,0.45798149961504364,4.805451133273558,92.48404391420054,0.0016329226012086612,10645.307316475364,0.9785196313813279,0.8031043702423246,25.863651596172232,49.31432694150278,0.03481943634741015,0.023927809158423775,1
CUST147,164.62893067370482,136.73645511310707,0.0,0.46577030276056614,4.422155353081852,0.0,42.649834651311565,10.462439239481313,21.28091935199588,7.070779049833277,1.0872239494475513,5.525217114312547,0.34901528522577235,575.2297089569468,0.0,0.10910210785102903,3.0979227247311076,4.358553247962116,0.8173315385412742,0.835972913474196,1
CUST148,212.14519790228053,154.98231745526178,0.11720109983370573,0.0,3.0205181357044983,0.0,0.0,79.28004108216216,9.20181023123248,8.423336765455135,1.0353095371850924,0.5746906524331346,0.5376880167570934,0.0,0.0,0.07986059391716256,0.0,2.5867005662034064,0.9331456933280058,0.9295658014800476,0
CUST149,370.4945220810858,8.002838501997227,2.0057074554498757,9.542585458874246,22.643198794678824,182.81198411576852,575.2504834128462,1676.7262303746795,58.79582152290368,1.148829824778507,4.2219211804573415,83.31577738081494,0.04784191934992036,8010.032067243853,0.9647916101931748,0.7274651703807526,23.76599538579954,38.99971055113912,0.18590395702812856,0.21861628408088862,0
CUST150,376.1250668803875,11.421815572106244,1.719057235100898,7.606214714979662,22.748237615002566,141.0614732957766,495.98090298885296,1492.1054902145256,59.15995376910423,0.8234028445513417,4.211989045787165,85.13691958428483,0.08364590491914985,6629.219785949601,0.9413234779886442,0.7142200520048337,21.190104785571414,37.23701738632803,0.2210759642395204,0.28489742494932924,0
CUST151,340.92048308244244,13.857855485494996,1.8774030935705568,9.286221750959658,24.951647388658728,163.0529334597985,563.9848898431621,1545.1291880590898,62.60546586791265,1.000470510046882,4.072912027082632,78.32918559462198,0.0390069993313364,7294.736964314541,1.043442744772808,0.8376015321951631,23.06073799858401,40.012047709017516,0.07501949332968055,0.1580937582216465,1
CUST152,246.94781871409705,148.52095115368869,0.19534230078604276,0.0,4.811788250886636,4.411976308655525,49.36857969182856,239.29143062044224,16.65070861962291,7.960768989295616,1.224532443518716,10.976001256048713,0.4403411567716955,887.0024783326335,0.0,0.10727649170770932,0.7878164912585992,2.25820368036882,0.8243921177519309,0.8830519404726715,1
CUST153,344.72881513436954,8.341236212944782,2.922009823178888,12.338985483092227,30.474687926580017,228.2678080003482,720.2041252974427,2120.8217073777405,63.843928931360146,0.7974697614924983,5.1571874511315645,85.28795828850939,0.05708681111743956,9506.332482374968,0.9697564216591886,0.8097260260546236,26.943633616441623,42.907968652010204,0.08410342257739113,0.12222588459367806,1
CUST154,369.53131526150895,0.38684605392227933,2.1398967549330963,8.187512893092615,22.382087746585196,122.93091918833281,447.511361794709,1429.4028535917926,59.488126453972995,1.0287988947985613,3.75318732385747,87.30912635228711,0.02241014119300716,6206.686772811702,1.0212199906588082,0.7214485664583997,23.71640404037546,34.37594579893852,0.13762900350444265,0.26514495639903973,1
CUST155,90.83459172478992,85.92723121187589,0.01669858360756013,0.0,1.09911201512621,20.20820036981235,0.0,58.98826165988195,76.1988692883817,4.857983038294262,1.291437515322008,12.600854611349492,0.2865903095177485,241.3306425150863,0.0,0.07264256208313424,0.8364539804936538,4.361287209496105,0.8257613626437259,0.8992077114101121,1
CUST156,99.68122125030409,82.14130497006113,0.11935177323372416,0.0,1.9873830116102997,11.751407142215637,28.635858055511257,98.86131299633925,74.60744033065448,4.795418641762643,1.2712453946041677,7.318504200416914,0.28065527824162717,447.7848718038179,0.0,0.06737459123855019,0.0,1.0977022703071802,0.7971415039165096,0.9085305234700201,1
CUST157,304.42791047682823,140.3885447949902,0.0,1.5607312036594396,2.3271723846909302,0.0,42.7339867702053,446.30576135947047,36.47501239673675,6.628955020905223,0.6901539029941028,18.04253401371451,0.3959690269700624,807.3675865044163,0.0,0.19247530757011316,2.1561916703635955,9.238381457926646,0.7139590172199894,0.7309285689433956,0
CUST158,367.3090024098643,8.175117385176181,1.9854402045315542,7.583752165925398,24.62278757095131,141.17069918139768,489.63433490781955,1406.343695414757,59.535566656985054,0.82653112975454,4.2042249547519965,81.09668695102373,0.05124834513816802,7052.3857639567705,0.9722608076091703,0.7566134464239018,22.51942223140765,32.668121950260264,0.17573868901058176,0.18453547491524283,0
CUST159,244.42766662474574,107.98090929201489,0.0,0.35030957042603605,4.9471540646688785,0.0,27.618880213871865,263.64640117864485,39.597215897152644,5.8252784085044516,0.7791954715539886,26.620587069953025,0.26445764878346456,337.7921498363272,0.0,0.24931796684654065,4.611199447387415,12.33979424770176,0.5094066483940238,0.6757637170575835,1
CUST160,709.0785028373855,1.646043191599959,3.031120077962331,12.90386372128193,34.689835306948666,248.23310269447737,836.5047839159115,2463.938721621433,67.15306738378969,0.35880704969607435,4.893820005270017,96.30515347902292,0.052560309958501666,12412.334514911305,1.0144487437694185,0.8422967522571245,27.295040844225074,43.15361410724999,0.13217013758595092,0.14616223157672992,1
CUST161,359.43586069864455,8.746796531299779,1.848190687787895,7.571270985876162,22.054305763077668,132.4493773034566,394.4509516927889,1320.8423051933476,59.09329732141834,1.0535609323119008,4.008225257971212,88.8189809190047,0.10839248911750336,7009.103884127367,0.9770232515793917,0.7430568431148706,24.013326890757195,32.854737733444544,0.16910710186011033,0.21164278759546523,1
CUST162,73.42836912097643,81.07407878365643,0.0,0.0,0.0,0.0,0.0,0.0,76.13865812412102,5.214295783489381,0.927741494794713,6.098428350802227,0.28083551632402975,0.0,0.032683052727913435,0.13187618005736812,0.42077775254057714,0.0,0.809256238513415,0.8711006850668666,1
CUST163,384.2700465210855,3.901307132265525,3.858367669918821,12.376023626198803,37.62570787575354,270.3677817818553,897.5933594367987,2697.4272761945363,66.88825888815829,1.0311544519579163,5.168726879917311,91.66960320483945,0.03345987685640597,10871.431625774436,1.0086625646891192,0.8651366604778584,26.332738445164146,51.719498556647935,0.09996022736385277,0.12572409141546215,0
CUST164,188.56826356902243,97.69530839735951,0.02460654914216121,1.4709356860493643,4.549414530368257,3.3500277705248935,23.61682400509175,245.0692636320855,23.445825317016823,5.40447733049414,0.7995406433621044,12.84741364762131,0.28571185591336934,674.8288952645855,0.012673714795589382,0.18071853802986482,2.916125958820435,10.576087363260715,0.5953828662026929,0.6730742330733627,1
CUST165,653.9114999216691,0.0,4.0602364568338345,13.726584259314091,37.240241161819704,289.142518688621,916.2714752077084,2737.483972571388,71.54789000299395,0.24787023261091207,6.1453632705682,91.55777696650225,0.021143955106445986,14032.11531943366,0.938417784159363,0.8856673499157056,29.879634852595455,51.80482603959313,0.13225826564594084,0.07746982254077778,0
CUST166,276.88727948328165,143.23632532027818,0.0,0.0,3.0110189541050882,0.20677793950024626,10.395578365325242,59.75366913893266,14.482039153181164,8.371567250080131,0.9381840456634678,4.859065091502114,0.4338715719755667,258.3077554837476,0.001592060960154624,0.13520462527210525,0.976015365410593,2.540328132495196,0.7792583303025068,0.8722914060591077,1
CUST167,353.9916091146059,6.819052287310592,3.3673447690497063,11.98919210706885,32.18031727375551,207.34107897834136,774.5230387734292,1998.0367006033991,65.71791966231,0.9559337323989836,4.927130595305999,93.71861059729035,0.01338133886491201,9821.899701814806,1.0712551270662116,0.8117122312116296,28.394714069287378,45.203832959906755,0.13269428068654684,0.17793065733176144,1
CUST168,181.60925072235503,37.42827278781703,0.014788871408448626,1.226697779803885,3.12872568312218,0.0,66.15688943162169,34.94468535905327,48.482795495070434,2.536758888153558,1.2486301620430535,37.729554132682544,0.20345319586724692,150.7764484703598,0.037735180198579264,0.3476141213602164,5.666669302304195,9.934272403554507,0.5218311430602374,0.6095771145336083,0
CUST169,471.07734354171123,1.6167966682812258,3.3700699357803434,11.33630556018692,30.743731404914016,234.92171482323366,667.0225051457742,1947.4292950898966,61.690190700061095,0.09088721401148109,5.252362832929848,84.17033692421148,0.00156590378041601,8988.26050362266,1.0787920662696133,0.7314884574532501,25.536670046572986,40.423216195398325,0.09278614006466429,0.10106956598424674,1
CUST170,344.3202728967992,6.4051830232847,3.015545925026014,11.442175730440663,31.75015794168294,214.24344673701773,761.9801909912055,2147.8797182527037,62.99381994213779,0.8200537864950728,4.905241406519607,85.40385259980143,0.06329197378472945,9506.019690570125,0.9885978689923763,0.7881050567750449,29.424551234993636,41.99452948034296,0.09517971635610026,0.14459245826986078,1
CUST171,168.99927421798466,156.02035006122958,0.27357924367488085,0.0,0.30656759643831855,0.7633500664785178,29.118810632577027,87.7235458313174,21.599911239102894,9.301143656851108,0.9183049896795279,12.678559871403914,0.42797201278561603,839.7138721460112,0.06572342648836173,0.08396509006492679,2.0270770300531518,0.0,0.8091126778490566,0.9228901561240389,1
CUST172,440.29458327863506,5.877978589567308,2.053569654515873,7.224779147605603,20.719903779171773,111.30095952469395,377.1700234785298,1189.3996683178611,52.22571318872808,0.9698177125651074,3.9206312111209756,78.74206187664554,0.04112650863152978,6362.736943632435,1.1229898012707165,0.7213573256503358,23.632796225177596,35.685070516397815,0.18122405358988278,0.2379241177432656,1
CUST173,328.40182015152584,63.49059402126797,0.1777651234761188,1.9051373820010493,6.566862353074769,0.0,110.12522944419896,371.43363920668617,61.54754397858521,3.7626042326860905,2.080224481626193,38.8289889956212,0.2361078127576457,1852.140686934552,0.01706561071906254,0.38141903242678127,7.7060641539381445,12.750489732569923,0.4845485102357912,0.5184816300547803,0
CUST174,296.1650735377625,140.26589393458065,0.19774817764259003,0.842959674153501,1.3032052150663334,16.885265320196126,0.0,33.130890369358966,33.13951520123709,6.975911263212441,1.0795889399723522,16.83552568141533,0.4279762428342709,0.0,0.03086852838919027,0.1608680022839024,2.3159254963755647,6.841980555055387,0.6485944049529598,0.8091129890584899,1
CUST175,471.5555342604422,18.22088273022017,2.0347600483185015,9.379147555168176,24.30230259545051,163.3101342457377,540.5163284798458,1662.2760586840652,65.34691419265982,0.032330709191160455,3.8429837859852456,80.02404797270039,0.04143178695015866,7514.800452790578,0.9895902002496982,0.7784112738240719,21.385781722768762,36.02171919671652,0.17359095320587747,0.2807465102167517,0
CUST176,487.09481158220143,26.370487094546082,1.1113325324108492,7.3933381325298715,18.099439578197668,90.98409090596077,363.5363422733561,1215.3034433014475,52.19334462576372,2.540619717740192,3.1437943056812405,76.42471000531525,0.08266112526214568,5532.358814292602,1.0151591660571568,0.6887556281068133,18.34489506301187,31.483321326110907,0.25467253581603616,0.3862696076139481,0
CUST177,447.20242053820004,4.610996658075267,2.0898912487846797,7.897896052743528,28.687777837170263,171.01098005669198,581.3661252159814,1756.7706901153497,65.33742657451221,0.0,3.7466673640200256,83.7080145008804,0.09624950686752061,6459.097118342237,0.9284363096724348,0.7353023614243547,21.26948633535613,37.27083186067237,0.24174630035943379,0.17119540815328718,0
CUST178,1089.918584412596,5.3685425182916555,3.939036396385332,15.057267954683628,45.62944012339222,295.5622074417167,977.2209131748634,3116.206468657765,67.7122611351712,0.0,5.876801821791177,95.00501323546113,0.0,15385.966854597315,1.00097392033447,0.8522797832359436,29.55296601755473,51.01221513746601,0.04240942712599447,0.02737716793212483,1
CUST179,345.3907494294668,10.64323404141359,2.9749586479331405,11.33033416794613,28.909390533215966,184.58135779971312,652.5123084704817,1899.5846306059814,59.04041445799471,1.2751018717533866,4.80721388850835,87.89932996707262,0.028350808789554025,8334.3101578668,1.0015969136700265,0.8136972958397458,26.26885359505301,43.29226165870334,0.1394385268598167,0.11497094664126695,0
CUST180,302.8439690739116,144.25474386103704,0.0,0.0,0.4259603897474067,0.0,30.005899292974902,194.02628969039037,14.750347405560461,7.2994763695393825,1.0651543227426614,17.925253019690707,0.4154504903501052,270.4053891894641,0.0,0.09652981193584956,0.21727349424014264,3.9086354591013412,0.7972750906889717,0.8919940738777875,0
CUST181,526.9865223299237,7.765650441509071,2.881279298828651,11.005662388048687,33.4921477145795,206.1456494587879,673.4946861002443,1910.0607641543836,64.19395417880504,0.4402807866044525,4.629423274995149,88.36187431186997,0.022760218394314795,8949.966508278865,0.9879835152199166,0.8044873744631168,24.998440346687957,42.1005578907429,0.19079735858661612,0.11018256433356823,0
CUST182,293.7850140685984,88.45614290492303,0.18626127653690683,0.0,5.642922557575905,0.0,0.0,261.652831374679,29.747209414301807,6.180531523823806,1.0104328714140736,15.70339743561884,0.3392444645324488,169.72775174583018,0.0,0.10289739338075743,2.7537807543751396,7.660227572140182,0.6814920223353824,0.7234203995211116,1
CUST183,157.53591041059644,175.53564570803312,0.185706320646192,0.0,0.0,2.8398060715933076,4.275872705467934,0.0,29.773405701899694,10.050994695185024,1.0667056153832057,2.225981779358972,0.5459394404839212,271.9834179026794,0.0,0.022047309973206756,0.0,0.13650631137616656,0.9338862475165016,0.9870191800770994,1
CUST184,270.41157478600485,65.47243211809065,0.0,1.189687186112574,4.452874795565334,2.1495825177439354,29.405135484426648,157.29548824503428,29.92319523824431,5.562350846186992,1.2564826298691887,14.801924760501151,0.3463479553638882,33.532909503661415,0.02892563289918655,0.13861856708181508,2.3949564920965396,6.594172978397897,0.7010170731637624,0.7681299775772863,1
CUST185,235.9953647090561,165.2309124699687,0.0,0.0,4.179937625965845,11.071481832476213,35.04163337156539,250.32845379272212,25.38003134205178,8.811525726932492,1.1023613282583444,4.819269307965978,0.4214278660766537,745.3316079536802,0.04339488980568095,0.05625952142478817,0.0,1.168442439246709,0.7754184671172161,0.8967208428542512,0
CUST186,116.25301763199275,83.2213407108135,0.2005637910930603,1.0642841066508055,2.108641629159292,6.317646936856094,0.0,176.51579605498335,73.25938657065727,5.131227457750317,1.086865645713031,0.0,0.307569578972034,1323.2371202300271,0.0,0.09814933597771362,0.0,0.32933246678204253,0.7333100648267085,0.9055986255805916,1
CUST187,136.75329546673058,145.4644997002015,0.0,0.0,0.0941822522350737,2.2137903905783824,11.979370608551639,0.0,52.15722849104649,7.652158800464973,0.7016923063578755,3.45970232461921,0.43475262731443626,343.7935172408194,0.0,0.09781727157643402,0.7842546023353978,0.0,0.8988958786718173,1.0386828012631073,0
CUST188,361.29625488905884,0.0,1.628076255730756,7.949389995752847,22.881339326323907,158.8379440620684,483.3585534565106,1394.5842689448596,59.797889206492975,1.0332675836537542,3.6953310650838365,80.01255091114093,0.08030627462973856,6593.744391298947,0.9797920109687708,0.7766952372374997,23.59010623366817,39.71990703144505,0.18563530642183368,0.18271470898172387,1
CUST189,224.73788376515887,161.89599375900193,0.0,0.0,3.5748336744781004,0.0,20.16465274404313,0.0,24.064701001706094,8.996774096227574,1.0908239779349957,6.241735723913161,0.4301410240889816,776.9144146950434,0.016494023324401825,0.1154075202509537,2.782841299845114,1.0562886966689877,0.7983059775571963,0.8993411821812796,0
CUST190,622.7259870613407,7.244051623513448,3.849891125674594,14.54783215607918,37.994392668557815,305.24120283133044,949.3050627970031,2872.1721154225784,70.20093821594817,0.2725877780835362,6.26108207610745,90.82137674714008,0.0422043573820603,13455.898296054896,0.8784866764032965,0.8624292048968114,28.702298452459218,49.03696979717134,0.03247565610029705,0.14419018939863165,0
CUST191,587.2773423760149,9.77487583398634,2.8759956119386625,10.664517016207665,28.52082849474041,215.70705032771943,590.5183787831006,1697.7689413340495,60.321065553986905,0.0,5.006337839577879,87.78600266390836,0.047628750832884884,9061.202083416309,0.9397320079014295,0.7994976217601553,26.822346490810553,44.40488014171153,0.09843537662530198,0.08335025684022376,1
CUST192,286.7874271211866,113.92289047009415,0.0,0.9796872091323434,5.085588619855969,8.777205040556774,2.5939640350031183,96.17434283901628,39.42073526084488,6.189718848851945,1.122170497687105,22.54168932942216,0.2644351366914127,1377.3662165217079,0.0,0.2947226940734663,5.861864110861069,14.392249725800607,0.5346411115254869,0.6449940090656011,1
CUST193,489.8990105921103,16.11636993972208,1.983659675455087,9.233174159336247,28.192916715141656,156.2383604529552,603.5942759407907,1961.7297255873905,65.40321834938634,0.5726881965970732,4.088700499679717,76.42735060477422,0.07514260740297239,6852.137226100616,0.9697802910457705,0.7375074064357526,21.819478430097153,35.01957268625924,0.29360000719934704,0.278349635189029,1
CUST194,104.62349083063438,88.31710700417904,0.0,0.45718535305308095,0.0,9.52127390608035,0.0,0.0,75.00169667859653,5.419796538992761,0.8219514662665052,16.129855508769616,0.31225038925833626,220.15748979841834,0.0,0.08743499703032923,1.5018056474852055,3.580793521875478,0.7794897403904779,0.8716980049732933,0
CUST195,146.73527093989298,172.84988828436917,0.0,0.06852967003026934,0.45627453019776154,0.0,11.218573279146062,5.000183878224053,29.733500374220156,9.570492780512971,1.2934397287988286,4.360859860723348,0.5679847049154733,0.0,0.0,0.0670636521148236,0.0,0.0,1.0044039814307926,1.040956355735424,0
CUST196,411.2009680062827,17.139379386761426,1.831432281408097,8.818296425535834,19.43065376642944,151.37284246878403,447.89664812170906,1137.360023944949,57.919775945566386,1.0446793246907364,2.91212825934888,79.99889203975833,0.033331489337454445,4265.402783973091,1.0006198470370575,0.708906216054856,24.69021404694675,37.55998054076021,0.19144583378731866,0.24886734606178768,0
CUST197,133.9131579910521,151.90039794027922,0.06344110802116576,0.0,0.9285521118588375,0.0,34.279702087684754,0.0,50.4553365690101,7.707991226498868,0.8328420869668267,6.509047704002201,0.43165888256972856,137.55882306991768,0.09931399543362196,0.07877976443695126,0.0,0.30423582676685423,0.90758987286454,1.0256419676312754,0
CUST198,458.54736351212495,8.522055175049344,1.067271845597696,7.632882787032476,19.529497058668653,116.86564654674005,374.13237675864644,914.4987007758951,55.84843559846799,1.8298922476144202,3.186009597299298,67.10263332293589,0.1076859901910292,5141.754839162386,1.0102130907938922,0.7063254580735817,18.623398117168787,32.129611022891325,0.20236270545856094,0.37562908344658,0
CUST199,234.86333371510602,94.95001791953095,0.0,0.6755217116810593,2.299391448768745,0.0,7.818984867019733,208.77421570416954,27.36254234469444,5.0394417529723565,1.243063529296744,9.793473576319197,0.3117316662736476,270.84863788648966,0.0,0.20288782149669377,4.805972647743439,7.168896204969771,0.6048046042717178,0.6984165570805365,0
CUST200,364.7312328586703,3.7722465767065474,2.9130135897848826,10.984170736337363,29.530186936422865,230.20272717516875,802.3095719352814,2045.332657733221,64.04103932306633,1.1797375631259335,5.11511301140953,84.53662000970935,0.0,10029.268336812522,0.8996312570686894,0.8149109981845357,25.571061922998357,43.14022632361266,0.12086690665885559,0.10622206982953841,1
